{"stats":{"minecraft:used":{"minecraft:pink_concrete":1,"minecraft:black_terracotta":1,"minecraft:green_terracotta":1,"minecraft:gray_terracotta":1,"minecraft:brown_terracotta":1,"minecraft:black_concrete":1,"minecraft:purple_concrete":1,"minecraft:green_concrete":1,"minecraft:blue_terracotta":1,"minecraft:cyan_terracotta":1,"minecraft:lime_terracotta":1,"minecraft:lime_concrete":1,"minecraft:yellow_terracotta":1,"minecraft:light_blue_concrete":1,"minecraft:orange_concrete":1,"minecraft:magenta_terracotta":1,"minecraft:light_gray_concrete":1,"minecraft:red_concrete":1,"minecraft:grass_block":1,"minecraft:light_blue_terracotta":1,"minecraft:gray_concrete":1,"minecraft:light_gray_terracotta":1,"minecraft:yellow_concrete":1,"minecraft:magenta_concrete":1,"minecraft:pink_terracotta":1,"minecraft:purple_terracotta":1,"minecraft:cyan_concrete":1,"minecraft:white_concrete":1,"minecraft:white_terracotta":1,"minecraft:red_terracotta":1,"minecraft:brown_concrete":1,"minecraft:blue_concrete":1,"minecraft:orange_terracotta":1},"minecraft:custom":{"minecraft:time_since_rest":546353,"minecraft:crouch_one_cm":123,"minecraft:play_one_minute":546353,"minecraft:sprint_one_cm":65301,"minecraft:walk_one_cm":48041,"minecraft:sneak_time":148,"minecraft:walk_under_water_one_cm":457,"minecraft:jump":780,"minecraft:leave_game":13,"minecraft:walk_on_water_one_cm":1075,"minecraft:time_since_death":546353,"minecraft:swim_one_cm":730,"minecraft:talked_to_villager":1,"minecraft:fall_one_cm":209,"minecraft:fly_one_cm":1171368}},"DataVersion":2230}